genre,CPM
Action,961.4979751587794
Adventure,1498.83367362068
Animation,1276.1969591712837
Biography,697.7828140812941
Comedy,1092.12939448535
Crime,890.8004362649305
Drama,1193.9959566597922
Family,2787.121408852162
Fantasy,641.2609420580258
Horror,403.39568234614086
Mystery,1299.2979149586886
Romance,1152.0278825117534
Sci-Fi,1725.9356298389755
Thriller,1315.1313065271875
Western,4857.142857142857
