genre,engagement
Action,0.00946556814909708
Adventure,0.0033399190603686057
Animation,0.0015526152573716045
Biography,0.005583350599231629
Comedy,0.02184595085226171
Crime,0.01465614597325578
Drama,0.04409556367953288
Family,0.000854148144549242
Fantasy,0.02804097354668945
Horror,0.012602790693666785
Mystery,0.006436656324563111
Romance,0.0051153532910586845
Sci-Fi,0.001710439419551257
Thriller,0.0012715761187301474
Western,0.0005468153692918935
